Fund Holdings as of,"09/Jul/2026"
 
Ticker,Name,Sector,Asset Class,Market Value,Weight (%),Notional Value,Shares,Price,Location,Exchange,Market Currency
"NOVN","NOVARTIS AG","Health Care","Equity","714’117’546","12.51","714’117’545.90","5’745’113","124.30","Switzerland","SIX Swiss Exchange","CHF"
"ROP","ROCHE PS PAR AG","Health Care","Equity","708’887’680","12.42","708’887’679.50","2’112’929","335.50","Switzerland","SIX Swiss Exchange","CHF"
"NESN","NESTLE SA","Consumer Staples","Equity","645’552’611","11.31","645’552’611.31","7’748’801","83.31","Switzerland","SIX Swiss Exchange","CHF"
"ABBN","ABB LTD","Industrials","Equity","396’709’541","6.95","396’709’541.44","4’684’808","84.68","Switzerland","SIX Swiss Exchange","CHF"
"UBSG","UBS GROUP AG","Financials","Equity","386’391’665","6.77","386’391’664.56","9’226’162","41.88","Switzerland","SIX Swiss Exchange","CHF"
"CFR","COMPAGNIE FINANCIERE RICHEMONT SA","Consumer Discretionary","Equity","297’492’488","5.21","297’492’488.00","1’616’807","184.00","Switzerland","SIX Swiss Exchange","CHF"
"ZURN","ZURICH INSURANCE GROUP AG","Financials","Equity","282’713’675","4.95","282’713’674.80","461’498","612.60","Switzerland","SIX Swiss Exchange","CHF"
"LONN","LONZA GROUP AG","Health Care","Equity","123’064’928","2.16","123’064’928.40","211’234","582.60","Switzerland","SIX Swiss Exchange","CHF"
"SREN","SWISS RE AG","Financials","Equity","117’312’626","2.06","117’312’625.80","894’492","131.15","Switzerland","SIX Swiss Exchange","CHF"
"HOLN","HOLCIM LTD AG","Materials","Equity","117’059’024","2.05","117’059’023.84","1’607’512","72.82","Switzerland","SIX Swiss Exchange","CHF"
"GALD","GALDERMA GROUP N AG","Health Care","Equity","99’835’280","1.75","99’835’280.00","572’450","174.40","Switzerland","SIX Swiss Exchange","CHF"
"SDZ","SANDOZ GROUP AG","Health Care","Equity","90’790’385","1.59","90’790’385.00","1’323’475","68.60","Switzerland","SIX Swiss Exchange","CHF"
"ALC","ALCON AG","Health Care","Equity","81’226’605","1.42","81’226’605.32","1’503’083","54.04","Switzerland","SIX Swiss Exchange","CHF"
"SLHN","SWISS LIFE HOLDING AG","Financials","Equity","79’611’270","1.39","79’611’270.00","85’825","927.60","Switzerland","SIX Swiss Exchange","CHF"
"GIVN","GIVAUDAN SA","Materials","Equity","78’780’598","1.38","78’780’598.00","23’042","3’419.00","Switzerland","SIX Swiss Exchange","CHF"
"SIKA","SIKA AG","Materials","Equity","77’789’845","1.36","77’789’844.55","482’717","161.15","Switzerland","SIX Swiss Exchange","CHF"
"AMRZ","AMRIZE AG","Materials","Equity","63’749’547","1.12","63’749’547.45","1’591’749","40.05","United States","SIX Swiss Exchange","CHF"
"CHF","CHF CASH","Cash and/or Derivatives","Cash","55’488’050","0.97","55’488’049.73","55’488’050","100.00","Switzerland","-","CHF"
"VACN","VAT GROUP AG","Industrials","Equity","54’732’350","0.96","54’732’350.00","80’750","677.80","Switzerland","SIX Swiss Exchange","CHF"
"GEBN","GEBERIT AG","Industrials","Equity","52’609’511","0.92","52’609’510.80","101’838","516.60","Switzerland","SIX Swiss Exchange","CHF"
"HBAN","HELVETIA BALOISE HOLDING N AG","Financials","Equity","49’428’775","0.87","49’428’775.00","231’625","213.40","Switzerland","SIX Swiss Exchange","CHF"
"SGSN","SGS SA","Industrials","Equity","48’549’013","0.85","48’549’013.00","515’930","94.10","Switzerland","SIX Swiss Exchange","CHF"
"DSFIR","DSM FIRMENICH AG","Materials","Equity","47’324’859","0.83","47’324’859.30","607’898","77.85","Netherlands","SIX Swiss Exchange","CHF"
"SCMN","SWISSCOM AG","Communication","Equity","46’770’217","0.82","46’770’217.00","76’547","611.00","Switzerland","SIX Swiss Exchange","CHF"
"PGHN","PARTNERS GROUP HOLDING AG","Financials","Equity","45’940’708","0.80","45’940’708.00","68’020","675.40","Switzerland","SIX Swiss Exchange","CHF"
"BAER","JULIUS BAER GRUPPE AG","Financials","Equity","44’303’702","0.78","44’303’702.28","618’594","71.62","Switzerland","SIX Swiss Exchange","CHF"
"STMN","STRAUMANN HOLDING AG","Health Care","Equity","36’758’021","0.64","36’758’021.40","354’636","103.65","Switzerland","SIX Swiss Exchange","CHF"
"LOGN","LOGITECH INTERNATIONAL SA","Information Technology","Equity","35’225’542","0.62","35’225’541.70","434’347","81.10","Switzerland","SIX Swiss Exchange","CHF"
"KNIN","KUEHNE UND NAGEL INTERNATIONAL AG","Industrials","Equity","34’095’351","0.60","34’095’350.80","166’807","204.40","Switzerland","SIX Swiss Exchange","CHF"
"LISN","CHOCOLADEFABRIKEN LINDT & SPRUENGL","Consumer Staples","Equity","32’531’400","0.57","32’531’400.00","341","95’400.00","Switzerland","SIX Swiss Exchange","CHF"
"SCHP","SCHINDLER HOLDING PAR AG","Industrials","Equity","31’569’404","0.55","31’569’404.40","120’402","262.20","Switzerland","SIX Swiss Exchange","CHF"
"SPSN","SWISS PRIME SITE AG","Real Estate","Equity","31’355’531","0.55","31’355’531.10","241’011","130.10","Switzerland","SIX Swiss Exchange","CHF"
"RO","ROCHE HOLDING AG","Health Care","Equity","30’553’964","0.54","30’553’963.60","89’759","340.40","Switzerland","SIX Swiss Exchange","CHF"
"SOON","SONOVA HOLDING AG","Health Care","Equity","29’901’134","0.52","29’901’133.80","147’879","202.20","Switzerland","SIX Swiss Exchange","CHF"
"LISP","CHOCOLADEFABRIKEN LINDT & SPRUENGL","Consumer Staples","Equity","27’829’410","0.49","27’829’410.00","2’978","9’345.00","Switzerland","SIX Swiss Exchange","CHF"
"BEAN","BELIMO N AG","Industrials","Equity","24’220’625","0.42","24’220’625.00","29’810","812.50","Switzerland","SIX Swiss Exchange","CHF"
"ACLN","ACCELLERON N AG","Industrials","Equity","21’992’081","0.39","21’992’081.10","285’241","77.10","Switzerland","SIX Swiss Exchange","CHF"
"PSPN","PSP SWISS PROPERTY AG","Real Estate","Equity","19’828’582","0.35","19’828’582.00","137’890","143.80","Switzerland","SIX Swiss Exchange","CHF"
"UHR","THE SWATCH GROUP AG","Consumer Discretionary","Equity","17’643’703","0.31","17’643’703.20","86’872","203.10","Switzerland","SIX Swiss Exchange","CHF"
"SCHN","SCHINDLER HOLDING AG","Industrials","Equity","16’074’136","0.28","16’074’136.00","63’284","254.00","Switzerland","SIX Swiss Exchange","CHF"
"AVOL","AVOLTA AG","Consumer Discretionary","Equity","15’381’535","0.27","15’381’534.60","294’102","52.30","Switzerland","SIX Swiss Exchange","CHF"
"SQN","SWISSQUOTE GROUP HOLDING SA","Financials","Equity","15’069’308","0.26","15’069’307.80","361’895","41.64","Switzerland","SIX Swiss Exchange","CHF"
"EMSN","EMS-CHEMIE HOLDING AG","Materials","Equity","13’928’891","0.24","13’928’890.50","20’349","684.50","Switzerland","SIX Swiss Exchange","CHF"
"FHZN","FLUGHAFEN ZUERICH AG","Industrials","Equity","13’814’548","0.24","13’814’548.00","56’617","244.00","Switzerland","SIX Swiss Exchange","CHF"
"GALE","GALENICA AG","Health Care","Equity","13’012’937","0.23","13’012’937.00","149’660","86.95","Switzerland","SIX Swiss Exchange","CHF"
"BARN","BARRY CALLEBAUT AG","Consumer Staples","Equity","12’072’995","0.21","12’072’995.00","10’637","1’135.00","Switzerland","SIX Swiss Exchange","CHF"
"ALLN","ALLREAL HOLDING AG","Real Estate","Equity","10’773’477","0.19","10’773’477.00","50’226","214.50","Switzerland","SIX Swiss Exchange","CHF"
"TEMN","TEMENOS AG","Information Technology","Equity","10’650’927","0.19","10’650’926.70","152’811","69.70","Switzerland","SIX Swiss Exchange","CHF"
"BCVN","BC VAUD N","Financials","Equity","10’381’134","0.18","10’381’134.40","84’952","122.20","Switzerland","SIX Swiss Exchange","CHF"
"GF","GEORG FISCHER AG","Industrials","Equity","10’197’133","0.18","10’197’133.10","232’705","43.82","Switzerland","SIX Swiss Exchange","CHF"
"SIGN","SIG GROUP N AG","Materials","Equity","10’057’466","0.18","10’057’466.22","753’933","13.34","Switzerland","SIX Swiss Exchange","CHF"
"SFZN","SIEGFRIED HOLDING AG","Health Care","Equity","9’438’206","0.17","9’438’206.40","130’272","72.45","Switzerland","SIX Swiss Exchange","CHF"
"HUBN","HUBER & SUHNER AG","Industrials","Equity","9’397’623","0.16","9’397’623.20","48’292","194.60","Switzerland","SIX Swiss Exchange","CHF"
"COTN","COMET HOLDING AG","Information Technology","Equity","9’110’795","0.16","9’110’795.40","23’373","389.80","Switzerland","SIX Swiss Exchange","CHF"
"ADEN","ADECCO GROUP AG","Industrials","Equity","8’703’776","0.15","8’703’776.14","523’378","16.63","Switzerland","SIX Swiss Exchange","CHF"
"BION","BB BIOTECH AG","Health Care","Equity","8’620’328","0.15","8’620’327.50","167’385","51.50","Switzerland","SIX Swiss Exchange","CHF"
"IFCN","INFICON HOLDING AG","Information Technology","Equity","8’617’392","0.15","8’617’392.00","51’912","166.00","Switzerland","SIX Swiss Exchange","CHF"
"CMBN","CEMBRA MONEY BANK AG","Financials","Equity","8’421’361","0.15","8’421’360.50","90’455","93.10","Switzerland","SIX Swiss Exchange","CHF"
"SUNN","SUNRISE N CLASS A LTD","Communication","Equity","8’029’378","0.14","8’029’377.84","201’036","39.94","Switzerland","SIX Swiss Exchange","CHF"
"BKW","BKW N AG","Utilities","Equity","7’905’954","0.14","7’905’954.10","59’939","131.90","Switzerland","SIX Swiss Exchange","CHF"
"MOBN","MOBIMO HOLDING AG","Real Estate","Equity","7’796’858","0.14","7’796’857.50","22’437","347.50","Switzerland","SIX Swiss Exchange","CHF"
"VATN","VALIANT HOLDING AG","Financials","Equity","7’714’476","0.14","7’714’476.00","47’916","161.00","Switzerland","SIX Swiss Exchange","CHF"
"SUN","SULZER AG LTD","Industrials","Equity","7’355’975","0.13","7’355’974.50","52’731","139.50","Switzerland","SIX Swiss Exchange","CHF"
"VZN","VZ HOLDING AG","Financials","Equity","7’326’026","0.13","7’326’025.60","46’544","157.40","Switzerland","SIX Swiss Exchange","CHF"
"SFSN","SFS GROUP AG","Industrials","Equity","7’201’501","0.13","7’201’500.80","54’392","132.40","Switzerland","SIX Swiss Exchange","CHF"
"DKSH","DKSH HOLDING AG","Industrials","Equity","6’963’467","0.12","6’963’466.90","107’627","64.70","Switzerland","SIX Swiss Exchange","CHF"
"BANB","BACHEM HOLDING AG","Health Care","Equity","6’920’644","0.12","6’920’643.60","93’396","74.10","Switzerland","SIX Swiss Exchange","CHF"
"TECN","TECAN GROUP AG","Health Care","Equity","6’866’475","0.12","6’866’475.00","39’237","175.00","Switzerland","SIX Swiss Exchange","CHF"
"EFGN","EFG INTERNATIONAL AG","Financials","Equity","6’824’860","0.12","6’824’860.00","416’150","16.40","Switzerland","SIX Swiss Exchange","CHF"
"EMMN","EMMI AG","Consumer Staples","Equity","6’757’680","0.12","6’757’680.00","7’610","888.00","Switzerland","SIX Swiss Exchange","CHF"
"UHRN","THE SWATCH GROUP AG","Consumer Discretionary","Equity","6’638’463","0.12","6’638’462.70","164’522","40.35","Switzerland","SIX Swiss Exchange","CHF"
"VONN","VONTOBEL HOLDING AG","Financials","Equity","6’527’400","0.11","6’527’400.10","85’103","76.70","Switzerland","SIX Swiss Exchange","CHF"
"LUKN","LUZERNER KTBANK AG","Financials","Equity","6’432’346","0.11","6’432’345.60","58’264","110.40","Switzerland","SIX Swiss Exchange","CHF"
"BUCN","BUCHER INDUSTRIES AG","Industrials","Equity","6’067’813","0.11","6’067’812.50","19’417","312.50","Switzerland","SIX Swiss Exchange","CHF"
"AMS","AMS-OSRAM AG","Information Technology","Equity","5’809’919","0.10","5’809’918.50","303’390","19.15","Switzerland","SIX Swiss Exchange","CHF"
"SGKN","ST.GALLER KANTONALBANK AG","Financials","Equity","5’763’954","0.10","5’763’954.00","8’854","651.00","Switzerland","SIX Swiss Exchange","CHF"
"BEKN","BERNER KANTONALBANK AG","Financials","Equity","5’323’572","0.09","5’323’572.00","13’756","387.00","Switzerland","SIX Swiss Exchange","CHF"
"GRKP","GRAUBUNDNER KANTONALBANK PAR","Financials","Equity","5’154’790","0.09","5’154’790.00","2’251","2’290.00","Switzerland","SIX Swiss Exchange","CHF"
"DOKA","DORMAKABA HOLDING AG","Industrials","Equity","4’941’123","0.09","4’941’123.20","92’704","53.30","Switzerland","SIX Swiss Exchange","CHF"
"CLN","CLARIANT AG","Materials","Equity","4’744’094","0.08","4’744’094.25","645’455","7.35","Switzerland","SIX Swiss Exchange","CHF"
"ZUGER","ZUGER KANTONALBANK","Financials","Equity","4’462’650","0.08","4’462’650.00","423","10’550.00","Switzerland","SIX Swiss Exchange","CHF"
"KARN","KARDEX HOLDING AG","Industrials","Equity","4’312’288","0.08","4’312’287.50","18’157","237.50","Switzerland","SIX Swiss Exchange","CHF"
"YPSN","YPSOMED HOLDING AG","Health Care","Equity","4’287’422","0.08","4’287’421.60","11’956","358.60","Switzerland","SIX Swiss Exchange","CHF"
"ARYN","ARYZTA AG","Consumer Staples","Equity","4’215’076","0.07","4’215’076.20","75’539","55.80","Switzerland","SIX Swiss Exchange","CHF"
"SWON","SOFTWAREONE HOLDING AG","Information Technology","Equity","4’214’729","0.07","4’214’729.30","504’758","8.35","Switzerland","SIX Swiss Exchange","CHF"
"BCHN","BURCKHARDT COMPRESSION HOLDING AG","Industrials","Equity","4’182’458","0.07","4’182’457.50","9’243","452.50","Switzerland","SIX Swiss Exchange","CHF"
"SRAIL","STADLER RAIL AG","Industrials","Equity","4’171’171","0.07","4’171’170.72","179’174","23.28","Switzerland","SIX Swiss Exchange","CHF"
"LLBN","LIECHTENSTEINISCHE LANDESBANK","Financials","Equity","4’052’462","0.07","4’052’462.40","35’736","113.40","Switzerland","SIX Swiss Exchange","CHF"
"JFN","JUNGFRAUBAHN HOLDING AG","Industrials","Equity","3’974’277","0.07","3’974’277.00","15’198","261.50","Switzerland","SIX Swiss Exchange","CHF"
"BRKN","BURKHALTER HOLDING AG","Industrials","Equity","3’808’966","0.07","3’808’965.60","25’806","147.60","Switzerland","SIX Swiss Exchange","CHF"
"IDIA","IDORSIA N LTD","Health Care","Equity","3’806’438","0.07","3’806’438.09","597’557","6.37","Switzerland","SIX Swiss Exchange","CHF"
"ALSN","ALSO HOLDING AG","Information Technology","Equity","3’778’400","0.07","3’778’400.00","18’892","200.00","Switzerland","SIX Swiss Exchange","CHF"
"BOSN","BOSSARD HOLDING AG","Industrials","Equity","3’540’878","0.06","3’540’878.00","17’974","197.00","Switzerland","SIX Swiss Exchange","CHF"
"DAE","DAETWYLER HOLDING INC","Industrials","Equity","3’504’782","0.06","3’504’782.00","22’670","154.60","Switzerland","SIX Swiss Exchange","CHF"
"F-GSI","CASH COLLATERAL CHF F-GSI","Cash and/or Derivatives","Cash Collateral and Margins","3’456’000","0.06","3’456’000.00","3’456’000","100.00","Switzerland","-","CHF"
"LAND","LANDIS+GYR GROUP AG","Information Technology","Equity","3’320’013","0.06","3’320’012.80","79’808","41.60","Switzerland","SIX Swiss Exchange","CHF"
"ISN","INTERSHOP HOLDING N AG","Real Estate","Equity","3’279’963","0.06","3’279’963.00","18’615","176.20","Switzerland","SIX Swiss Exchange","CHF"
"IMPN","IMPLENIA AG","Industrials","Equity","3’242’503","0.06","3’242’502.90","47’061","68.90","Switzerland","SIX Swiss Exchange","CHF"
"INRN","INTERROLL HOLDING AG","Industrials","Equity","3’081’452","0.05","3’081’452.00","2’374","1’298.00","Switzerland","SIX Swiss Exchange","CHF"
"CFT","COMPAGNIE FINANCIERE TRADITION SA","Financials","Equity","3’043’781","0.05","3’043’780.50","9’617","316.50","Switzerland","SIX Swiss Exchange","CHF"
"OERL","OC OERLIKON CORPORATION","Industrials","Equity","2’614’481","0.05","2’614’480.50","601’030","4.35","Switzerland","SIX Swiss Exchange","CHF"
"DESN","DOTTIKON ES HOLDING AG","Health Care","Equity","2’586’468","0.05","2’586’468.00","9’651","268.00","Switzerland","SIX Swiss Exchange","CHF"
"MOVE","MEDACTA GROUP SA","Health Care","Equity","2’482’510","0.04","2’482’509.60","18’147","136.80","Switzerland","SIX Swiss Exchange","CHF"
"RSGN","R&S GROUP HOLDING AG","Industrials","Equity","2’459’039","0.04","2’459’039.40","99’315","24.76","Switzerland","SIX Swiss Exchange","CHF"
"SENS","SENSIRION HOLDING AG","Information Technology","Equity","2’425’493","0.04","2’425’492.80","31’176","77.80","Switzerland","SIX Swiss Exchange","CHF"
"FORN","FORBO HOLDING AG","Industrials","Equity","2’387’752","0.04","2’387’752.00","3’298","724.00","Switzerland","SIX Swiss Exchange","CHF"
"VAHN","VAUDOISE ASSURANCES SA","Financials","Equity","2’353’176","0.04","2’353’176.00","2’898","812.00","Switzerland","SIX Swiss Exchange","CHF"
"WKBN","WALLISER KANTONALBANK","Financials","Equity","2’326’838","0.04","2’326’837.50","14’319","162.50","Switzerland","SIX Swiss Exchange","CHF"
"AERO","MONTANA N AG","Industrials","Equity","2’288’375","0.04","2’288’375.30","104’254","21.95","Switzerland","SIX Swiss Exchange","CHF"
"SKAN","SKAN N AG","Health Care","Equity","2’166’120","0.04","2’166’120.40","38’959","55.60","Switzerland","SIX Swiss Exchange","CHF"
"TKBP","THURGAUER KANTONALBANK","Financials","Equity","2’164’140","0.04","2’164’140.00","12’023","180.00","Switzerland","SIX Swiss Exchange","CHF"
"BSLN","BASILEA PHARMACEUTICA AG","Health Care","Equity","1’998’480","0.04","1’998’480.00","36’336","55.00","Switzerland","SIX Swiss Exchange","CHF"
"PPGN","POLYPEPTIDE N AG","Health Care","Equity","1’985’181","0.03","1’985’180.65","42’193","47.05","Switzerland","SIX Swiss Exchange","CHF"
"BCGE","BANQUE CANTONALE DE GENEVE","Financials","Equity","1’968’046","0.03","1’968’046.30","58’399","33.70","Switzerland","SIX Swiss Exchange","CHF"
"ZUGN","ZUG ESTATES HOLDING AG","Real Estate","Equity","1’912’740","0.03","1’912’740.00","898","2’130.00","Switzerland","SIX Swiss Exchange","CHF"
"BLKB","BASELLANDSCHAFTLICHE KANTONALBANK","Financials","Equity","1’904’230","0.03","1’904’230.00","1’747","1’090.00","Switzerland","SIX Swiss Exchange","CHF"
"KURN","KUROS BIOSCIENCES AG","Health Care","Equity","1’896’492","0.03","1’896’491.52","88’704","21.38","Switzerland","SIX Swiss Exchange","CHF"
"HIAG","HIAG IMMOBILIEN HOLDING AG","Real Estate","Equity","1’879’082","0.03","1’879’082.40","13’676","137.40","Switzerland","SIX Swiss Exchange","CHF"
"COPN","COSMO N NV","Health Care","Equity","1’857’613","0.03","1’857’613.20","28’491","65.20","Switzerland","SIX Swiss Exchange","CHF"
"SMG","SMG AG","Communication","Equity","1’804’631","0.03","1’804’631.40","67’716","26.65","Switzerland","SIX Swiss Exchange","CHF"
"BSKP","BASLER KANTONALBANK PAR","Financials","Equity","1’788’716","0.03","1’788’716.40","17’959","99.60","Switzerland","SIX Swiss Exchange","CHF"
"ZEHN","ZEHNDER GROUP AG","Industrials","Equity","1’769’978","0.03","1’769’977.80","28’827","61.40","Switzerland","SIX Swiss Exchange","CHF"
"PLAN","PLAZZA AG","Real Estate","Equity","1’658’706","0.03","1’658’706.00","3’787","438.00","Switzerland","SIX Swiss Exchange","CHF"
"MOZN","MOBILEZONE HOLDING","Consumer Discretionary","Equity","1’644’767","0.03","1’644’766.56","115’992","14.18","Switzerland","SIX Swiss Exchange","CHF"
"FREN","FUNDAMENTA REAL N AG","Real Estate","Equity","1’624’307","0.03","1’624’307.40","93’351","17.40","Switzerland","SIX Swiss Exchange","CHF"
"CHAM","CHAM SWISS PROPERTIES AG","Real Estate","Equity","1’617’365","0.03","1’617’364.80","69’714","23.20","Switzerland","SIX Swiss Exchange","CHF"
"MED","MEDARTIS HOLDING AG","Health Care","Equity","1’608’785","0.03","1’608’784.80","17’544","91.70","Switzerland","SIX Swiss Exchange","CHF"
"TXGN","TX GROUP AG LTD","Communication","Equity","1’564’703","0.03","1’564’703.20","11’818","132.40","Switzerland","SIX Swiss Exchange","CHF"
"REHN","ROMANDE ENERGIE SA","Utilities","Equity","1’413’632","0.02","1’413’632.00","28’160","50.20","Switzerland","SIX Swiss Exchange","CHF"
"IREN","INVESTIS HOLDING SA","Real Estate","Equity","1’234’110","0.02","1’234’110.00","7’962","155.00","Switzerland","SIX Swiss Exchange","CHF"
"WARN","WARTECK INVEST AG","Real Estate","Equity","1’153’450","0.02","1’153’450.00","590","1’955.00","Switzerland","SIX Swiss Exchange","CHF"
"NREN","NOVAVEST REAL ESTATE AG","Real Estate","Equity","1’140’599","0.02","1’140’598.80","28’803","39.60","Switzerland","SIX Swiss Exchange","CHF"
"BELL","BELL FOOD GROUP AG","Consumer Staples","Equity","1’024’166","0.02","1’024’166.40","5’728","178.80","Switzerland","SIX Swiss Exchange","CHF"
"EPIC","EPIC N AG","Real Estate","Equity","963’277","0.02","963’276.60","11’227","85.80","Switzerland","SIX Swiss Exchange","CHF"
"AUTN","AUTONEUM HOLDING AG","Consumer Discretionary","Equity","946’407","0.02","946’407.00","8’435","112.20","Switzerland","SIX Swiss Exchange","CHF"
"VPBN","VP BANK AG","Financials","Equity","908’626","0.02","908’625.60","9’963","91.20","Switzerland","SIX Swiss Exchange","CHF"
"HBLN","HYPOTHEKARBANK LENZBURG AG","Financials","Equity","894’520","0.02","894’520.00","214","4’180.00","Switzerland","SIX Swiss Exchange","CHF"
"SFPN","SF URBAN PROPERTIES N AG","Real Estate","Equity","892’739","0.02","892’739.00","8’839","101.00","Switzerland","SIX Swiss Exchange","CHF"
"CICN","CICOR TECHNOLOGIES B LTD","Information Technology","Equity","890’485","0.02","890’485.00","7’825","113.80","Switzerland","SIX Swiss Exchange","CHF"
"DOCM","DOCMORRIS AG","Consumer Staples","Equity","882’422","0.02","882’422.06","101’603","8.69","Switzerland","SIX Swiss Exchange","CHF"
"SWTQ","SCHWEITER N AG","Industrials","Equity","875’255","0.02","875’254.50","2’903","301.50","Switzerland","SIX Swiss Exchange","CHF"
"AEVS","AEVIS VICTORIA SA","Health Care","Equity","872’041","0.02","872’040.75","71’187","12.25","Switzerland","SIX Swiss Exchange","CHF"
"APGN","APG SGA SA","Communication","Equity","818’262","0.01","818’261.50","4’207","194.50","Switzerland","SIX Swiss Exchange","CHF"
"PMN","PHOENIX N AG","Industrials","Equity","772’968","0.01","772’968.00","1’806","428.00","Switzerland","SIX Swiss Exchange","CHF"
"ASCN","ASCOM HOLDING AG","Health Care","Equity","746’512","0.01","746’512.20","118’494","6.30","Switzerland","SIX Swiss Exchange","CHF"
"CPHN","CPH CHEMIE PAPIER HOLDING AG","Materials","Equity","743’328","0.01","743’327.80","13’133","56.60","Switzerland","SIX Swiss Exchange","CHF"
"SNBN","SCHWEIZERISCHE NATIONALBANK","Financials","Equity","741’760","0.01","741’760.00","244","3’040.00","Switzerland","SIX Swiss Exchange","CHF"
"BVZN","BVZ HOLDING AG","Industrials","Equity","725’760","0.01","725’760.00","384","1’890.00","Switzerland","SIX Swiss Exchange","CHF"
"RIEN","RIETER HOLDING AG","Industrials","Equity","697’876","0.01","697’876.36","226’216","3.09","Switzerland","SIX Swiss Exchange","CHF"
"LEHN","LEM HOLDING SA","Information Technology","Equity","686’457","0.01","686’457.00","1’714","400.50","Switzerland","SIX Swiss Exchange","CHF"
"MEDX","MEDMIX N AG","Health Care","Equity","662’949","0.01","662’948.77","82’559","8.03","Switzerland","SIX Swiss Exchange","CHF"
"BYS","BYSTRONIC AG","Industrials","Equity","628’419","0.01","628’419.00","4’587","137.00","Switzerland","SIX Swiss Exchange","CHF"
"VETN","VETROPACK HOLDING SA","Materials","Equity","627’928","0.01","627’927.90","34’313","18.30","Switzerland","SIX Swiss Exchange","CHF"
"NWRN","NEWRON PHARMACEUTICALS","Health Care","Equity","610’861","0.01","610’861.44","50’736","12.04","Switzerland","SIX Swiss Exchange","CHF"
"ARBN","ARBONIA AG","Industrials","Equity","606’919","0.01","606’918.99","169’294","3.59","Switzerland","SIX Swiss Exchange","CHF"
"SANN","SANTHERA N AG","Health Care","Equity","589’148","0.01","589’148.20","37’430","15.74","Switzerland","SIX Swiss Exchange","CHF"
"PEAN","PEACH PROPERTY GROUP AG","Real Estate","Equity","576’951","0.01","576’950.68","133’399","4.33","Switzerland","SIX Swiss Exchange","CHF"
"KOMN","KOMAX HOLDING AG","Industrials","Equity","566’260","0.01","566’259.60","12’668","44.70","Switzerland","SIX Swiss Exchange","CHF"
"BMAG","BAJAJ MOBILITY AG","Consumer Discretionary","Equity","531’805","0.01","531’804.84","29’743","17.88","Austria","SIX Swiss Exchange","CHF"
"LEON","LEONTEQ AG","Financials","Equity","522’353","0.01","522’353.04","31’812","16.42","Switzerland","SIX Swiss Exchange","CHF"
"PEHN","PRIVATE EQUITY HOLDING AG","Financials","Equity","496’462","0.01","496’461.60","7’806","63.60","Switzerland","SIX Swiss Exchange","CHF"
"GBP","GBP CASH","Cash and/or Derivatives","Cash","487’117","0.01","487’116.68","450’800","108.06","United Kingdom","-","GBP"
"TIBN","BERGBAHN ENGELB TRUEB TITLIS AG","Consumer Discretionary","Equity","484’654","0.01","484’653.60","9’732","49.80","Switzerland","SIX Swiss Exchange","CHF"
"CLTN","COLTENE HOLDING AG","Health Care","Equity","479’977","0.01","479’976.90","9’467","50.70","Switzerland","SIX Swiss Exchange","CHF"
"MTG","MEIER TOBLER GROUP AG","Industrials","Equity","463’515","0.01","463’515.00","14’262","32.50","Switzerland","SIX Swiss Exchange","CHF"
"GLKBN","GLARNER KANTONALBANK","Financials","Equity","450’736","0.01","450’736.40","19’099","23.60","Switzerland","SIX Swiss Exchange","CHF"
"BIOV","BIOVERSYS N AG","Health Care","Equity","421’121","0.01","421’120.80","15’258","27.60","Switzerland","SIX Swiss Exchange","CHF"
"CNTL","CENTIEL N AG","Consumer Staples","Equity","415’083","0.01","415’082.88","72’063","5.76","Switzerland","SIX Swiss Exchange","CHF"
"MIKN","MIKRON HOLDING AG","Industrials","Equity","388’443","0.01","388’443.00","23’542","16.50","Switzerland","SIX Swiss Exchange","CHF"
"OFN","ORELL FUSSLI AG","Industrials","Equity","365’827","0.01","365’826.50","2’447","149.50","Switzerland","SIX Swiss Exchange","CHF"
"METN","METALL ZUG AG","Health Care","Equity","359’903","0.01","359’903.00","491","733.00","Switzerland","SIX Swiss Exchange","CHF"
"ORON","ORIOR AG","Consumer Staples","Equity","345’583","0.01","345’583.44","21’572","16.02","Switzerland","SIX Swiss Exchange","CHF"
"CALN","CALIDA HOLDING AG","Consumer Discretionary","Equity","339’084","0.01","339’083.94","17’979","18.86","Switzerland","SIX Swiss Exchange","CHF"
"USD","USD CASH","Cash and/or Derivatives","Cash","333’082","0.01","333’082.00","412’792","80.69","United States","-","USD"
"MOLN","MOLECULAR PARTNERS AG","Health Care","Equity","326’287","0.01","326’286.87","101’647","3.21","Switzerland","SIX Swiss Exchange","CHF"
"INFRAC","INFRACORE SA","Other","Equity","281’448","0.00","281’448.00","5’212","54.00","Switzerland","SIX Swiss Exchange","CHF"
"VARN","VARIA US PROPERTIES LTD AG","Real Estate","Equity","277’500","0.00","277’500.40","20’632","13.45","Switzerland","SIX Swiss Exchange","CHF"
"GURN","GURIT HOLDING AG","Materials","Equity","234’379","0.00","234’379.20","6’369","36.80","Switzerland","SIX Swiss Exchange","CHF"
"VZUG","V-ZUG N AG","Consumer Discretionary","Equity","221’441","0.00","221’440.80","5’488","40.35","Switzerland","SIX Swiss Exchange","CHF"
"LMN","LASTMINUTE NV","Consumer Discretionary","Equity","220’917","0.00","220’917.25","16’673","13.25","Switzerland","SIX Swiss Exchange","CHF"
"VBSN","IVF HARTMANN HOLDING AG","Health Care","Equity","212’160","0.00","212’160.00","1’632","130.00","Switzerland","SIX Swiss Exchange","CHF"
"GMI","GROUPE MINOTERIES SA","Consumer Staples","Equity","203’040","0.00","203’040.00","846","240.00","Switzerland","SIX Swiss Exchange","CHF"
"BCJ","BANQUE CANTONALE DU JURA SA","Financials","Equity","198’612","0.00","198’612.00","2’452","81.00","Switzerland","SIX Swiss Exchange","CHF"
"GAV","GAVAZZI N AG","Industrials","Equity","197’964","0.00","197’964.00","1’269","156.00","Switzerland","SIX Swiss Exchange","CHF"
"BBN","BELLEVUE GROUP AG","Financials","Equity","196’356","0.00","196’355.84","27’424","7.16","Switzerland","SIX Swiss Exchange","CHF"
"STGN","STARRAGTORNOS GROUP AG","Industrials","Equity","190’432","0.00","190’432.00","5’951","32.00","Switzerland","SIX Swiss Exchange","CHF"
"FTON","FEINTOOL INTERNATIONAL HOLDING AG","Consumer Discretionary","Equity","187’392","0.00","187’391.96","19’439","9.64","Switzerland","SIX Swiss Exchange","CHF"
"ZUBN","ZUEBLIN IMMOBILIEN HOLDING AG","Real Estate","Equity","161’491","0.00","161’491.00","3’047","53.00","Switzerland","SIX Swiss Exchange","CHF"
"CURN","CURATIS N AG","Health Care","Equity","159’022","0.00","159’022.00","6’914","23.00","Switzerland","SIX Swiss Exchange","CHF"
"KUD","KUDELSKI SA","Information Technology","Equity","157’869","0.00","157’869.43","128’873","1.23","Switzerland","SIX Swiss Exchange","CHF"
"KLIN","KLINGELNBERG N AG","Industrials","Equity","147’970","0.00","147’969.80","14’366","10.30","Switzerland","SIX Swiss Exchange","CHF"
"XLS","XLIFE SCIENCES AG","Health Care","Equity","142’560","0.00","142’560.00","7’920","18.00","Switzerland","SIX Swiss Exchange","CHF"
"SHLTN","SHL TELEMEDICINE LTD","Health Care","Equity","131’851","0.00","131’850.75","141’775","0.93","Israel","SIX Swiss Exchange","CHF"
"ESUN","EDISUN POWER EUROPE AG","Utilities","Equity","112’060","0.00","112’060.00","1’724","65.00","Switzerland","SIX Swiss Exchange","CHF"
"WIHN","WISEKEY N AG","Information Technology","Equity","88’592","0.00","88’592.00","7’840","11.30","Switzerland","SIX Swiss Exchange","CHF"
"EUR","EUR CASH","Cash and/or Derivatives","Cash","78’215","0.00","78’214.64","84’787","92.25","European Union","-","EUR"
"MCHN","MCH GROUP AG","Communication","Equity","66’941","0.00","66’940.56","10’938","6.12","Switzerland","SIX Swiss Exchange","CHF"
"GAM","GAM HOLDING AG","Financials","Equity","56’376","0.00","56’375.96","924’196","0.06","Switzerland","SIX Swiss Exchange","CHF"
"MMTX","MINDMAZE THERAPEUTICS HOLDING SA","Health Care","Equity","44’680","0.00","44’679.96","248’222","0.18","Switzerland","SIX Swiss Exchange","CHF"
"HLEE","HIGHLIGHT EVENT AND ENTERTAINMENT","Communication","Equity","34’452","0.00","34’452.00","6’264","5.50","Switzerland","SIX Swiss Exchange","CHF"
"STRN","SCHLATTER INDUSTRIES AG","Industrials","Equity","23’418","0.00","23’418.00","1’301","18.00","Switzerland","SIX Swiss Exchange","CHF"
"EVE","EVOLVA HOLDING SA EN LIQUIDATION","Materials","Equity","21’861","0.00","21’861.36","10’121","2.16","Switzerland","SIX Swiss Exchange","CHF"
"VILN","VILLARS HOLDING SA","Consumer Staples","Equity","14’375","0.00","14’375.00","25","575.00","Switzerland","SIX Swiss Exchange","CHF"
"ADXN","ADDEX THERAPEUTICS LTD","Health Care","Equity","3’332","0.00","3’331.92","83’298","0.04","Switzerland","SIX Swiss Exchange","CHF"
"SPEX","SPEXIS N AG","Health Care","Equity","0","0.00","0.18","18’248","0.00","Switzerland","SIX Swiss Exchange","CHF"
"THAG","TALENTHOUSE AG","Communication","Equity","2","0.00","1.88","188’482","0.00","Switzerland","SIX Swiss Exchange","CHF"
"SMU6","SWISS MKT IX SEP 26","Cash and/or Derivatives","Futures","0","0.00","59’703’000.00","420","14’215.00","Switzerland","Eurex Deutschland","CHF"
 